-- 1. Raw Materials (Сырье)
INSERT INTO raw_materials (name, quantity, cost, purchase_date) VALUES
('Мед', 500.0, 300.0, '2025-01-15'),
('Вода', 1000.0, 10.0, '2025-01-20'),
('Дрожжи', 50.0, 200.0, '2025-02-01'),
('Сахар', 200.0, 50.0, '2025-02-10'),
('Ягоды', 150.0, 150.0, '2025-03-05'),
('Хмель', 20.0, 500.0, '2025-03-15'),
('Лимонная кислота', 30.0, 100.0, '2025-04-01');

-- 2. Recipes (Рецепты)
INSERT INTO recipes (name, description) VALUES
('Медовуха классическая', 'Мед, вода, дрожжи, 14 дней брожения'),
('Медовуха ягодная', 'Мед, вода, ягоды, дрожжи, 16 дней брожения'),
('Медовый эль', 'Мед, вода, хмель, дрожжи, 20 дней брожения'),
('Медовуха сладкая', 'Мед, вода, сахар, дрожжи, 12 дней брожения'),
('Медовуха кислая', 'Мед, вода, лимонная кислота, дрожжи, 15 дней брожения');

-- 3. Batches (Партии)
INSERT INTO batches (recipe_id, volume, start_date, end_date, status, user_id) VALUES
(1, 200.0, '2025-02-01', '2025-02-15', 'Готово', 1),
(2, 150.0, '2025-02-05', '2025-02-21', 'Брожение', 1),
(3, 100.0, '2025-02-10', '2025-03-02', 'Готово', 1),
(4, 250.0, '2025-03-01', '2025-03-13', 'Готово', 1),
(5, 180.0, '2025-03-10', '2025-03-25', 'Брожение', 1),
(1, 300.0, '2025-04-01', '2025-04-15', 'В процессе', 1),
(2, 120.0, '2025-04-05', '2025-04-21', 'В процессе', 1);

-- 4. Finished Products (Готовая продукция)
INSERT INTO finished_products (batch_id, volume, available_volume, production_date, price_per_liter) VALUES
(1, 200.0, 150.0, '2025-02-15', 600.0),
(2, 150.0, 150.0, '2025-02-21', 650.0),
(3, 100.0, 80.0, '2025-03-02', 700.0),
(4, 250.0, 200.0, '2025-03-13', 550.0),
(5, 180.0, 180.0, '2025-03-25', 620.0),
(6, 300.0, 300.0, '2025-04-15', 600.0),
(7, 120.0, 120.0, '2025-04-21', 650.0);

-- 5. Clients (Клиенты)
INSERT INTO clients (name, type, contact, inn) VALUES
('ООО "Медовый край"', 'Юрлицо', 'info@medkray.ru', '123456789012'),
('ИП Иванов А.В.', 'ИП', '+7-900-123-45-67', '9876543210'),
('Магазин "Здоровье"', 'Юрлицо', 'shop@zdorovie.ru', '456789123456'),
('Петров Сергей', 'Физлицо', '+7-911-234-56-78', NULL),
('Кафе "Улей"', 'Юрлицо', 'cafe@uley.ru', '789123456789'),
('Сидоров Николай', 'Физлицо', '+7-922-345-67-89', NULL),
('ООО "Напитки"', 'Юрлицо', 'sales@napitki.ru', '321654987123');

-- 6. Orders (Заказы)
INSERT INTO orders (client_id, order_date, status, user_id, total_order_cost) VALUES
(1, '2025-02-20', 'Завершен', 1, 90000.0),
(2, '2025-02-25', 'В ожидании', 1, 32500.0),
(3, '2025-03-05', 'Завершен', 1, 56000.0),
(4, '2025-03-15', 'Выполняется', 1, 12400.0),
(5, '2025-03-20', 'Завершен', 1, 93000.0),
(6, '2025-04-05', 'В ожидании', 1, 7200.0),
(7, '2025-04-08', 'Завершен', 1, 78000.0);

-- 7. Order Items (Позиции заказов)
INSERT INTO order_items (order_id, product_id, volume, total_cost) VALUES
(1, 1, 150.0, 90000.0), -- Медовуха классическая
(2, 2, 50.0, 32500.0),  -- Медовуха ягодная
(3, 3, 80.0, 56000.0),  -- Медовый эль
(4, 4, 20.0, 11000.0),  -- Медовуха сладкая
(4, 5, 2.0, 1240.0),    -- Медовуха кислая
(5, 4, 150.0, 82500.0), -- Медовуха сладкая
(5, 1, 15.0, 9000.0),   -- Медовуха классическая
(6, 5, 10.0, 6200.0),   -- Медовуха кислая
(6, 2, 1.0, 650.0),     -- Медовуха ягодная
(7, 6, 120.0, 72000.0), -- Медовуха классическая
(7, 3, 10.0, 7000.0);   -- Медовый эль